{"RuleTriggered": 0, "Violations": 0, "Details": {"pin_memory": false, "num_workers": 0, "cores": 36, "dataloaders": 1, "dataloading_time": {"p25": 0.021740250000000003, "p50": 0.0220775, "p95": 0.0229952, "probs": [1, 0, 0, 0, 0, 0, 0, 0, 0, 0, 0, 0, 0, 0, 0, 0, 0, 0, 0, 0, 0, 0, 0, 0, 0, 0, 0, 0, 0, 0, 0, 0, 0, 0, 0, 0, 0, 0, 0, 0, 0, 0, 0, 0, 0, 0, 0, 0, 0, 0, 0, 0, 0, 0, 0, 0, 0, 0, 0, 0, 0, 0, 0, 0, 0, 0, 0, 0, 0, 0, 0, 0, 0, 0, 0, 0, 0, 0, 0, 0, 0, 0, 0, 0, 0, 0, 0, 0, 0, 1, 1, 1, 1, 2, 0, 2, 0, 0, 0, 1], "binedges": [0.006642, 0.0068086100000000005, 0.006975220000000001, 0.00714183, 0.00730844, 0.0074750500000000004, 0.007641660000000001, 0.007808270000000001, 0.00797488, 0.008141490000000001, 0.0083081, 0.00847471, 0.008641320000000001, 0.00880793, 0.008974540000000001, 0.00914115, 0.009307760000000002, 0.009474370000000001, 0.00964098, 0.009807590000000001, 0.0099742, 0.01014081, 0.010307420000000001, 0.01047403, 0.010640640000000002, 0.010807250000000001, 0.010973860000000002, 0.011140470000000001, 0.01130708, 0.011473690000000002, 0.011640300000000001, 0.01180691, 0.011973520000000001, 0.012140130000000002, 0.012306740000000002, 0.012473350000000001, 0.012639960000000002, 0.012806570000000001, 0.01297318, 0.013139790000000002, 0.013306400000000001, 0.01347301, 0.013639620000000002, 0.013806230000000003, 0.013972840000000002, 0.014139450000000001, 0.014306060000000002, 0.014472670000000002, 0.014639280000000003, 0.014805890000000002, 0.014972500000000001, 0.015139110000000002, 0.015305720000000002, 0.015472330000000003, 0.015638940000000004, 0.01580555, 0.015972160000000003, 0.016138770000000004, 0.01630538, 0.016471990000000002, 0.016638600000000003, 0.01680521, 0.016971820000000002, 0.017138430000000003, 0.01730504, 0.017471650000000002, 0.017638260000000003, 0.01780487, 0.017971480000000005, 0.018138090000000003, 0.0183047, 0.018471310000000005, 0.018637920000000002, 0.018804530000000003, 0.018971140000000004, 0.019137750000000002, 0.019304360000000003, 0.019470970000000004, 0.01963758, 0.019804190000000003, 0.019970800000000004, 0.02013741, 0.020304020000000002, 0.020470630000000004, 0.02063724, 0.020803850000000006, 0.020970460000000003, 0.02113707, 0.021303680000000005, 0.021470290000000003, 0.021636900000000004, 0.021803510000000005, 0.021970120000000003, 0.022136730000000004, 0.022303340000000005, 0.022469950000000002, 0.022636560000000007, 0.022803170000000005, 0.022969780000000002, 0.023136390000000007, 0.023303]}}, "Datapoints": 10, "RuleParameters": "min_threshold:70\nmax_threshold:200"}