{"RuleTriggered": 0, "Violations": 0, "Details": {"step_num": {"first": 1624969216983108, "last": 1624971336838097}, "job_start": 1624969137.207326, "job_end": 1624971359.707707}, "Datapoints": 84, "RuleParameters": "threshold:20"}