{"RuleTriggered": 0, "Violations": 0, "Details": {"ratio": {"cpu_functions": 100.0}, "phase": {"Step:ModeKeys.GLOBAL": 107.42984734153318, "others": -7.429847341533187}, "phase_time": {}, "general": {"DataLoaderIterInitialize": 2.440628159994135e-05, "Forward": 99.99049815745786, "DataLoaderIter": 0.009477436260536624}, "CPU": {"dropout": 3.4349328862836925, "matmul": 10.294859557029968, "mm": 26.227047302208966, "NativeLayerNormBackward": 7.15949912503717, "native_layer_norm_backward": 7.157652991462131, "MmBackward": 17.321886386468357, "GeluBackward": 14.202259010819631, "gelu_backward": 14.201862740690066}, "CPU_total": {"dropout": 10618496, "matmul": 31824763, "mm": 81076343, "NativeLayerNormBackward": 22132343, "native_layer_norm_backward": 22126636, "MmBackward": 53547591, "GeluBackward": 43903807, "gelu_backward": 43902582}}, "Datapoints": 0, "RuleParameters": ""}